-- Création de la table Formation --

CREATE table if not exists Formation
(
	Intitule varchar(50) PRIMARY KEY NOT NULL,
	Code varchar(5)
);

INSERT INTO Formation VALUES('M1 DATASCALE','M1DA');
INSERT INTO Formation VALUES('M1 AMIS', 'M1AM');
INSERT INTO Formation VALUES('M1 SECRETS', 'M1SE');
INSERT INTO Formation VALUES('M1 RESEAUX', 'M1RE');
INSERT INTO Formation VALUES('M2 DATASCALE', 'M2DA');
INSERT INTO Formation VALUES('M2 AMIS', 'M2AM');
INSERT INTO Formation VALUES('M2 SECRETS', 'M2SE');
INSERT INTO Formation VALUES('M2 RESEAUX', 'M2RE');

-- Création de la table Etudiant --

CREATE table if not exists Etudiant
(
	NumEtudiant Int PRIMARY KEY NOT NULL,
	Nom Varchar(30),
	Prenom Varchar(30),
	Formation Varchar(30) references Formation(Intitule)
);



-- Insertion des tuples --

INSERT INTO Etudiant VALUES('21704755', 'Sugumar', 'Thivagini', 'M1 DATASCALE');
INSERT INTO Etudiant VALUES('22106935', 'Varenne-Paquet', 'Julie', 'M1 DATASCALE');
INSERT INTO Etudiant VALUES('22208420', 'Ahmed', 'Moulhat', 'M1 DATASCALE');
INSERT INTO Etudiant VALUES('21506184','Raymond','Julien','M1 SECRETS');
INSERT INTO Etudiant VALUES('21508783','Lecoq','Camille','M1 AMIS');
INSERT INTO Etudiant VALUES('21504311','Begue','Patricia','M1 DATASCALE');
INSERT INTO Etudiant VALUES('21501801','Besnard','Adrien','M1 SECRETS');
INSERT INTO Etudiant VALUES('21503511','Gosselin','Amélie','M1 SECRETS');
INSERT INTO Etudiant VALUES('21507042','Lebrun','Aurore','M1 AMIS');
INSERT INTO Etudiant VALUES('21500056','Lebon','Camille','M1 DATASCALE');
INSERT INTO Etudiant VALUES('21603046','Nicolas','Adrien','M1 RESEAUX');
INSERT INTO Etudiant VALUES('21603909','Deschamps','Nathalie','M1 SECRETS');
INSERT INTO Etudiant VALUES('21609592','Pineau','Amélie','M1 RESEAUX');
INSERT INTO Etudiant VALUES('21608275','Rodrigues','Luc','M1 SECRETS');
INSERT INTO Etudiant VALUES('21605935','Legrand','Martin','M1 AMIS');
INSERT INTO Etudiant VALUES('21607130','Coulon','Lucie','M1 DATASCALE');
INSERT INTO Etudiant VALUES('21604216','Vincent','Victor','M1 RESEAUX');
INSERT INTO Etudiant VALUES('21701935','Marchand','Thomas','M1 AMIS');
INSERT INTO Etudiant VALUES('21707481','Bertin','Paul','M1 RESEAUX');
INSERT INTO Etudiant VALUES('21709456','Duhamel','Martin','M1 SECRETS');
INSERT INTO Etudiant VALUES('21700097','Coste','Laurent','M1 RESEAUX');
INSERT INTO Etudiant VALUES('21700992','Loiseau','Sylvie','M1 AMIS');
INSERT INTO Etudiant VALUES('21703897','Laporte','Paul','M1 DATASCALE');
INSERT INTO Etudiant VALUES('21703347','Delaunay','Alain','M1 RESEAUX');
INSERT INTO Etudiant VALUES('21702843','Legros','Xavier','M1 SECRETS');
INSERT INTO Etudiant VALUES('21705376','Delattre','Eléonore','M1 DATASCALE');
INSERT INTO Etudiant VALUES('21701255','Boulay','Clément','M1 DATASCALE');
INSERT INTO Etudiant VALUES('21709716','Albert','Claire','M1 RESEAUX');
INSERT INTO Etudiant VALUES('21709918','Carlier','Emilie','M1 AMIS');
INSERT INTO Etudiant VALUES('21701894','Chevalier','Philippe','M1 SECRETS');
INSERT INTO Etudiant VALUES('21702183','Perret','Suzanne','M1 RESEAUX');
INSERT INTO Etudiant VALUES('21703113','Courtois','Océane','M1 AMIS');
INSERT INTO Etudiant VALUES('21800735','Marin','Gabriel','M1 DATASCALE');
INSERT INTO Etudiant VALUES('21800448','Levy','','M1 AMIS');
INSERT INTO Etudiant VALUES('21801326','Bertrand','Martin','M1 SECRETS');
INSERT INTO Etudiant VALUES('21809906','Tessier','Louise','M1 RESEAUX');
INSERT INTO Etudiant VALUES('21806921','Dufour','Alice','M1 SECRETS');
INSERT INTO Etudiant VALUES('21805436','Berthelot','Marine','M1 RESEAUX');
INSERT INTO Etudiant VALUES('21809246','Lemoine','Mathilde','M1 AMIS');
INSERT INTO Etudiant VALUES('21807240','Peron','Alexandre','M1 DATASCALE');
INSERT INTO Etudiant VALUES('21804369','Delorme','Marie','M1 RESEAUX');
INSERT INTO Etudiant VALUES('21807557','Costa','Quentin','M1 SECRETS');
INSERT INTO Etudiant VALUES('21801240','Gilles','Maxime','M1 RESEAUX');
INSERT INTO Etudiant VALUES('21809269','Hubert','Zoé','M1 DATASCALE');
INSERT INTO Etudiant VALUES('21803338','Lefevre','Tristan','M1 RESEAUX');
INSERT INTO Etudiant VALUES('21800364','Brun','Kévin','M1 AMIS');
INSERT INTO Etudiant VALUES('21806340','Lagarde','Arnaud','M1 DATASCALE');
INSERT INTO Etudiant VALUES('21804053','Germain','Arthur','M1 RESEAUX');
INSERT INTO Etudiant VALUES('21803288','Leroux','Sabine','M1 SECRETS');
INSERT INTO Etudiant VALUES('21804977','Roche','Antoine','M1 RESEAUX');
INSERT INTO Etudiant VALUES('21800330','Dubois','Valentin','M1 SECRETS');
INSERT INTO Etudiant VALUES('21800371','Roussel','Robert','M1 AMIS');
INSERT INTO Etudiant VALUES('21803710','Lecomte','Laurène','M1 RESEAUX');
INSERT INTO Etudiant VALUES('21800324','Perrot','','M1 DATASCALE');
INSERT INTO Etudiant VALUES('21802446','Charpentier','Thibault','M1 SECRETS');
INSERT INTO Etudiant VALUES('21804717','Valette','Philippine','M1 DATASCALE');
INSERT INTO Etudiant VALUES('21806229','Fouquet','Stéphanie','M1 AMIS');
INSERT INTO Etudiant VALUES('21800102','Leroy','Mélissa','M1 RESEAUX');
INSERT INTO Etudiant VALUES('21802809','Guillot','Louis','M1 SECRETS');
INSERT INTO Etudiant VALUES('21804194','Pichon','Léa','M1 AMIS');
INSERT INTO Etudiant VALUES('21805575','Masse','Lola','M1 RESEAUX');
INSERT INTO Etudiant VALUES('21805143','Reynaud','Lucas','M1 DATASCALE');
INSERT INTO Etudiant VALUES('21802843','Goncalves','Margot','M1 AMIS');
INSERT INTO Etudiant VALUES('21805063','Brun','Juliette','M1 SECRETS');
INSERT INTO Etudiant VALUES('21808685','Odette','Alfred','M1 DATASCALE');
INSERT INTO Etudiant VALUES('21800989','Gillet','Elodie','M1 AMIS');
INSERT INTO Etudiant VALUES('21807527','Garnier','Thérèse','M1 SECRETS');
INSERT INTO Etudiant VALUES('21809974','Olivier','Laurence','M1 RESEAUX');
INSERT INTO Etudiant VALUES('21809975','Bouvet','Hélène','M1 DATASCALE');
INSERT INTO Etudiant VALUES('21809776','Payet','Valentine','M1 SECRETS');
INSERT INTO Etudiant VALUES('21808097','Vidal','Clémence','M1 AMIS');
INSERT INTO Etudiant VALUES('21800184','Cohen','Maëlle','M1 RESEAUX');
INSERT INTO Etudiant VALUES('21805277','Michaud','Flora','M1 SECRETS');
INSERT INTO Etudiant VALUES('21805656','Potier','Fiona','M1 AMIS');
INSERT INTO Etudiant VALUES('21805208','Aubert','Astrid','M1 DATASCALE');
INSERT INTO Etudiant VALUES('21802726','Weber','Chloé','M1 AMIS');
INSERT INTO Etudiant VALUES('21802798','Bailly','Luhanne','M1 SECRETS');
INSERT INTO Etudiant VALUES('21801552','Guyon','Jeanne','M1 SECRETS');
INSERT INTO Etudiant VALUES('21908786','Henry','Lucie','M1 DATASCALE');
INSERT INTO Etudiant VALUES('21903954','Lebreton','Jade','M1 DATASCALE');
INSERT INTO Etudiant VALUES('21909784','Huet','Diane','M1 AMIS');
INSERT INTO Etudiant VALUES('21902684','Bruneau','Donia','M1 RESEAUX');
INSERT INTO Etudiant VALUES('21909223','Lemonnier','Pauline','M1 SECRETS');
INSERT INTO Etudiant VALUES('21902464','Fournier','Benjamin','M1 RESEAUX');
INSERT INTO Etudiant VALUES('21906007','Allard','Célia','M1 AMIS');
INSERT INTO Etudiant VALUES('21901767','Turpin','Laure','M1 DATASCALE');
INSERT INTO Etudiant VALUES('21907525','Martinez','Georges','M1 RESEAUX');
INSERT INTO Etudiant VALUES('21904321','Marty','Jean','M1 DATASCALE');
INSERT INTO Etudiant VALUES('21904624','Joubert','Benoît','M1 RESEAUX');
INSERT INTO Etudiant VALUES('21905169','Dumas','Susan','M1 SECRETS');
INSERT INTO Etudiant VALUES('21907812','Meyer','Julia','M1 AMIS');
INSERT INTO Etudiant VALUES('21909975','Jacquet','Léo','M1 SECRETS');
INSERT INTO Etudiant VALUES('21905199','Roy','Pierre','M1 AMIS');
INSERT INTO Etudiant VALUES('21905792','Baron','Théo','M1 AMIS');
INSERT INTO Etudiant VALUES('21903380','Blanchet','Théophile','M1 SECRETS');
INSERT INTO Etudiant VALUES('22005674','Gallet','Tanguy','M1 RESEAUX');
INSERT INTO Etudiant VALUES('22002951','Rey','Charles','M1 DATASCALE');
INSERT INTO Etudiant VALUES('22003891','Carre','Franck','M1 RESEAUX');
INSERT INTO Etudiant VALUES('22005574','Moreno','Mathilda','M1 AMIS');
INSERT INTO Etudiant VALUES('22001332','Gomez','Virginie','M1 DATASCALE');
INSERT INTO Etudiant VALUES('22006388','Ramos','Emma','M1 RESEAUX');
INSERT INTO Etudiant VALUES('22004021','Petit','Elise','M1 DATASCALE');
INSERT INTO Etudiant VALUES('22103125','Blanchard','Mathieu','M1 RESEAUX');
INSERT INTO Etudiant VALUES('22100524','Becker','Aurélie','M1 RESEAUX');
INSERT INTO Etudiant VALUES('22105336','Becker','Capucine','M1 RESEAUX');
INSERT INTO Etudiant VALUES('22102358','Blanc','Grégoire','M1 RESEAUX');

-- Création de la table Enseignant --
CREATE TABLE if not exists Enseignant(
	IdEnseignant int primary key  not null,
	Nom varchar(100),
	Prenom varchar(100)
);

INSERT INTO Enseignant VALUES (123456,'Payet', 'Jeanne');
INSERT INTO Enseignant VALUES (234567, 'Lecomte', 'Lou');
INSERT INTO Enseignant VALUES (345678, 'Dupuy', 'Aghate');
INSERT INTO Enseignant VALUES (456789, 'Guillot', 'Romane');
INSERT INTO Enseignant VALUES(567890, 'Deschamps', 'Chamila');
INSERT INTO Enseignant VALUES(678901, 'Jacquet', 'Melanie');
INSERT INTO Enseignant VALUES (789012, 'Shneidier', 'Elodie');
INSERT INTO Enseignant VALUES (890123, 'Collet', 'Leonie');
INSERT INTO Enseignant VALUES (901234, 'Leger', 'Adele');
INSERT INTO Enseignant VALUES (987654, 'Bouviet', 'Iris');
INSERT INTO Enseignant VALUES(876543, 'Cully', 'Georgette');
INSERT INTO Enseignant VALUES(765432, 'Huguenin', 'Gisleine');
INSERT INTO Enseignant VALUES(654321, 'Hautmonte', 'Noel');
INSERT INTO Enseignant VALUES(543210, 'Demange', 'Noelle');
INSERT INTO Enseignant VALUES(432109, 'Bellecourt', 'Michelle');
INSERT INTO Enseignant VALUES(321098, 'Poireau', 'Luc');
INSERT INTO Enseignant VALUES(210987, 'Fremiau', 'Denis');
INSERT INTO Enseignant VALUES(109876, 'Febve', 'Charlie');
INSERT INTO Enseignant VALUES(111111, 'Salmon', 'Bernard');
INSERT INTO Enseignant VALUES(222222, 'Verdonk', 'Henry');
INSERT INTO Enseignant VALUES(333333, 'Fringuant', 'Philippe');
INSERT INTO Enseignant VALUES(444444, 'Tintingere', 'Mike');
INSERT INTO Enseignant VALUES(555555, 'Valentin', 'Bob');
INSERT INTO Enseignant VALUES(666666, 'Mougel', 'Marc');
INSERT INTO Enseignant VALUES(777777, 'Rublond', 'Billy');
INSERT INTO Enseignant VALUES(888888, 'Martin', 'Dalya');
INSERT INTO Enseignant VALUES(999999, 'Vauthier', 'Eric');
INSERT INTO Enseignant VALUES(3948257, 'Smith', 'Kevin');
INSERT INTO Enseignant VALUES(7531357, 'Andre', 'Christian');
INSERT INTO Enseignant VALUES(8362910,'Villemain', 'Andre');

-- Création de la table Creneau--
CREATE TABLE if not exists Creneau
(
	IdCreneau INT PRIMARY KEY NOT NULL,
	Jour Varchar(10),
	HeureDebut Varchar(5),
  HeureFin Varchar(5)
);

-- Insertion des tuples --

INSERT INTO Creneau VALUES (1, 'Lundi', '9h40', '12h50');
INSERT INTO Creneau VALUES (2, 'Mardi', '9h40', '12h50');
INSERT INTO Creneau VALUES (3, 'Mercredi', '9h40', '12h50');
INSERT INTO Creneau VALUES (4, 'Jeudi', '9h40', '12h50');
INSERT INTO Creneau VALUES (5, 'Vendredi', '9h40', '12h50');
INSERT INTO Creneau VALUES (6, 'Lundi', '13h50', '18h40');
INSERT INTO Creneau VALUES (7, 'Mardi', '13h50', '18h40');
INSERT INTO Creneau VALUES (8, 'Mercredi', '13h50', '18h40');
INSERT INTO Creneau VALUES (9, 'Jeudi', '13h50', '18h40');
INSERT INTO Creneau VALUES (10, 'Vendredi', '13h50', '18h40');
INSERT INTO Creneau VALUES (11, 'Lundi', '8h00', '12h50');
INSERT INTO Creneau VALUES (12, 'Mardi', '8h00', '12h50');
INSERT INTO Creneau VALUES (13, 'Mercredi', '8h00', '12h50');
INSERT INTO Creneau VALUES (14, 'Jeudi', '8h00', '12h50');
INSERT INTO Creneau VALUES (15, 'Vendredi', '8h00', '12h50');
INSERT INTO Creneau VALUES (16, 'Lundi', '8h30', '11h30');
INSERT INTO Creneau VALUES (17, 'Jeudi', '13h00', '16h00');
INSERT INTO Creneau VALUES (18, 'Vendredi', '13h30', '16h30');
INSERT INTO Creneau VALUES (19, 'Lundi', '13h30', '16h30');


-- Création de la table Matiere--
CREATE TABLE if not exists Matiere
(
    Code VARCHAR(10) PRIMARY KEY NOT NULL,
    Intitule VARCHAR(100),
    Groupes INT
);

-- Insertion des tuples --

INSERT INTO Matiere VALUES ('MIN17214','Conception de BD',2);
INSERT INTO Matiere VALUES ('MIN17211','Methodes de Ranking',2);
INSERT INTO Matiere VALUES ('MIN17217','Application Web et Securite',2);
INSERT INTO Matiere VALUES ('MIN17213','Tuning de BD',2);
INSERT INTO Matiere VALUES ('MIN17215','Protocoles IP',1);
INSERT INTO Matiere VALUES ('MIN17218','Calcul Securise',2);
INSERT INTO Matiere VALUES ('MIN17212','Simulation',2);
INSERT INTO Matiere VALUES ('MIN17216','Reseaux etendus',1);
INSERT INTO Matiere VALUES ('MIN17201','PGLP',3);
INSERT INTO Matiere VALUES ('MSANGS21','Anglais',3);

-- Création de la table Salle--
CREATE table if not exists Salle
(
	NomSalle varchar(50) PRIMARY KEY NOT NULL,
	Type Varchar(30),
	Capacite int
);

INSERT INTO Salle VALUES('G001', 'Cours', 30);
INSERT INTO Salle VALUES('G002', 'Cours', 30);
INSERT INTO Salle VALUES('G003', 'Cours', 30);
INSERT INTO Salle VALUES('G004', 'Cours', 30);
INSERT INTO Salle VALUES('G005', 'Cours', 30);
INSERT INTO Salle VALUES('G006', 'Cours', 30);
INSERT INTO Salle VALUES('G007', 'Cours', 30);
INSERT INTO Salle VALUES('G008', 'Cours', 30);
INSERT INTO Salle VALUES('G009', 'Cours', 30);
INSERT INTO Salle VALUES('G101', 'Cours', 30);
INSERT INTO Salle VALUES('G102', 'Cours', 30);
INSERT INTO Salle VALUES('G103', 'Cours', 30);
INSERT INTO Salle VALUES('G104', 'Cours', 30);
INSERT INTO Salle VALUES('G105', 'Cours', 30);
INSERT INTO Salle VALUES('G106', 'Cours', 30);
INSERT INTO Salle VALUES('G107', 'Cours', 30);
INSERT INTO Salle VALUES('G108', 'Cours', 30);
INSERT INTO Salle VALUES('G109', 'Cours', 30);
INSERT INTO Salle VALUES('G201', 'Informatique', 30);
INSERT INTO Salle VALUES('G202', 'Informatique', 30);
INSERT INTO Salle VALUES('G203', 'Informatique', 30);
INSERT INTO Salle VALUES('G204', 'Informatique', 30);
INSERT INTO Salle VALUES('G205', 'Informatique', 30);
INSERT INTO Salle VALUES('G206', 'Informatique', 30);
INSERT INTO Salle VALUES('G207', 'Informatique', 30);
INSERT INTO Salle VALUES('G208', 'Informatique', 30);
INSERT INTO Salle VALUES('G209', 'Informatique', 30);
INSERT INTO Salle VALUES('G210', 'Informatique', 30);
INSERT INTO Salle VALUES('2101', 'Cours', 20);
INSERT INTO Salle VALUES('2102', 'Cours', 20);
INSERT INTO Salle VALUES('2103', 'Cours', 20);
INSERT INTO Salle VALUES('2104', 'Cours', 20);
INSERT INTO Salle VALUES('2105', 'Cours', 20);
INSERT INTO Salle VALUES('2106', 'Cours', 20);
INSERT INTO Salle VALUES('2107', 'Cours', 20);
INSERT INTO Salle VALUES('2108', 'Cours', 20);
INSERT INTO Salle VALUES('2109', 'Cours', 20);
INSERT INTO Salle VALUES('2201', 'Cours', 20);
INSERT INTO Salle VALUES('2202', 'Cours', 20);
INSERT INTO Salle VALUES('2203', 'Cours', 20);
INSERT INTO Salle VALUES('2204', 'Cours', 20);
INSERT INTO Salle VALUES('2205', 'Cours', 20);
INSERT INTO Salle VALUES('Amphi A', 'Amphi', 100);
INSERT INTO Salle VALUES('Amphi B', 'Amphi', 100);
INSERT INTO Salle VALUES('Amphi C', 'Amphi', 100);
INSERT INTO Salle VALUES('Amphi D', 'Amphi', 100);
INSERT INTO Salle VALUES('Amphi E', 'Amphi', 100);
INSERT INTO Salle VALUES('Amphi F', 'Amphi', 100);
INSERT INTO Salle VALUES('Amphi G', 'Amphi', 100);
INSERT INTO Salle VALUES('Amphi H', 'Amphi', 100);
INSERT INTO Salle VALUES('Amphi I', 'Amphi', 100);
INSERT INTO Salle VALUES('Amphi J', 'Amphi', 100);
INSERT INTO Salle VALUES('ALSACE', 'Informatique', 40);
INSERT INTO Salle VALUES('JUNGLE', 'Informatique', 40);
INSERT INTO Salle VALUES('RC20', 'Informatique', 20);
INSERT INTO Salle VALUES('RC21', 'Informatique', 20);
INSERT INTO Salle VALUES('RC22', 'Informatique', 20);
INSERT INTO Salle VALUES('RC23', 'Informatique', 20);
INSERT INTO Salle VALUES('RC24', 'Informatique', 20);
INSERT INTO Salle VALUES('RC25', 'Informatique', 20);
INSERT INTO Salle VALUES('RC26', 'Informatique', 20);
INSERT INTO Salle VALUES('RC27', 'Informatique', 20);
INSERT INTO Salle VALUES('RC28', 'Informatique', 20);
INSERT INTO Salle VALUES('RC29', 'Informatique', 20);

-- Création de la table contient--
CREATE TABLE if not exists Contient
(
	IntituleFormation VARCHAR(50) NOT NULL,
	CodeModule VARCHAR(10) NOT NULL,
  	FOREIGN KEY(CodeModule) REFERENCES Matiere(Code),
	FOREIGN KEY(IntituleFormation) REFERENCES Formation(Intitule),
	Primary key (IntituleFormation,CodeModule)
);

INSERT INTO Contient VALUES('M1 DATASCALE', 'MIN17213');
INSERT INTO Contient VALUES('M1 DATASCALE', 'MIN17214');
INSERT INTO Contient VALUES('M1 AMIS', 'MIN17211');
INSERT INTO Contient VALUES('M1 AMIS', 'MIN17212');
INSERT INTO Contient VALUES('M1 SECRETS', 'MIN17217');
INSERT INTO Contient VALUES('M1 SECRETS', 'MIN17218');
INSERT INTO Contient VALUES('M1 RESEAUX', 'MIN17216');
INSERT INTO Contient VALUES('M1 RESEAUX', 'MIN17215');
INSERT INTO Contient VALUES('M1 DATASCALE', 'MIN17201');
INSERT INTO Contient VALUES('M1 AMIS', 'MIN17201');
INSERT INTO Contient VALUES('M1 SECRETS', 'MIN17201');
INSERT INTO Contient VALUES('M1 RESEAUX', 'MIN17201');
INSERT INTO Contient VALUES('M1 DATASCALE', 'MSANGS21');
INSERT INTO Contient VALUES('M1 AMIS', 'MSANGS21');
INSERT INTO Contient VALUES('M1 SECRETS', 'MSANGS21');
INSERT INTO Contient VALUES('M1 RESEAUX', 'MSANGS21');

-- Création de la table option--
CREATE TABLE if not exists Optionsf
(
	IntituleFormation VARCHAR(50) NOT NULL,
	CodeModule VARCHAR(10) NOT NULL,
  	FOREIGN KEY(CodeModule) REFERENCES Matiere(Code),
	FOREIGN KEY(IntituleFormation) REFERENCES Formation(Intitule),
	Primary key (IntituleFormation,CodeModule)
);

INSERT INTO Optionsf VALUES('M1 DATASCALE', 'MIN17211');
INSERT INTO Optionsf VALUES('M1 DATASCALE', 'MIN17212');
INSERT INTO Optionsf VALUES('M1 DATASCALE', 'MIN17217');
INSERT INTO Optionsf VALUES('M1 DATASCALE', 'MIN17218');

INSERT INTO Optionsf VALUES('M1 AMIS', 'MIN17217');
INSERT INTO Optionsf VALUES('M1 AMIS', 'MIN17218');
INSERT INTO Optionsf VALUES('M1 AMIS', 'MIN17213');
INSERT INTO Optionsf VALUES('M1 AMIS', 'MIN17214');

INSERT INTO Optionsf VALUES('M1 SECRETS', 'MIN17211');
INSERT INTO Optionsf VALUES('M1 SECRETS', 'MIN17212');
INSERT INTO Optionsf VALUES('M1 SECRETS', 'MIN17213');
INSERT INTO Optionsf VALUES('M1 SECRETS', 'MIN17214');

INSERT INTO Optionsf VALUES('M1 RESEAUX', 'MIN17211');
INSERT INTO Optionsf VALUES('M1 RESEAUX', 'MIN17212');
INSERT INTO Optionsf VALUES('M1 RESEAUX', 'MIN17213');
INSERT INTO Optionsf VALUES('M1 RESEAUX', 'MIN17214');
INSERT INTO Optionsf VALUES('M1 RESEAUX', 'MIN17217');
INSERT INTO Optionsf VALUES('M1 RESEAUX', 'MIN17218');


-- Création de la table enseigne--
CREATE TABLE  if not exists Enseigne
(
	CodeModule VARCHAR(10) NOT NULL,
	IdEnseignant Int NOT NULL,
  	FOREIGN KEY(CodeModule) REFERENCES Matiere(Code),
  	FOREIGN KEY(IdEnseignant) REFERENCES Enseignant(IdEnseignant),
	PRIMARY KEY(CodeModule, IdEnseignant)
);


INSERT INTO Enseigne VALUES('MIN17211',234567);
INSERT INTO Enseigne VALUES('MIN17211',901234);
INSERT INTO Enseigne VALUES('MIN17212',890123);
INSERT INTO Enseigne VALUES('MIN17213',456789);
INSERT INTO Enseigne VALUES('MIN17214',123456);
INSERT INTO Enseigne VALUES('MIN17215',678901);
INSERT INTO Enseigne VALUES('MIN17215',765432);
INSERT INTO Enseigne VALUES('MIN17216',567890);
INSERT INTO Enseigne VALUES('MIN17216',876543);
INSERT INTO Enseigne VALUES('MIN17217',345678);
INSERT INTO Enseigne VALUES('MIN17217',987654);
INSERT INTO Enseigne VALUES('MIN17218',789012);
INSERT INTO Enseigne VALUES('MIN17201',444444);
INSERT INTO Enseigne VALUES('MSANGS21',333333);
INSERT INTO Enseigne VALUES('MSANGS21',222222);
INSERT INTO Enseigne VALUES('MSANGS21',111111);

-- Création de la table inscrit--
-- Création de la table Inscrit --

CREATE TABLE if not exists Inscrit
(
	CodeModule Varchar(10) NOT NULL,
  	NumEtudiant int NOT NULL,
    Groupe int,
  FOREIGN KEY(CodeModule) REFERENCES Matiere(Code),
  FOREIGN KEY(NumEtudiant) REFERENCES Etudiant(NumEtudiant),
  PRIMARY KEY(CodeModule, NumEtudiant)
);

-- Insertion des tuples --

--Data--
INSERT INTO Inscrit VALUES('MIN17214', 21704755, null);
INSERT INTO Inscrit VALUES('MIN17213', 21704755, null);
INSERT INTO Inscrit VALUES('MIN17218', 21704755, null);
INSERT INTO Inscrit VALUES('MIN17217', 21704755, null);

INSERT INTO Inscrit VALUES('MIN17214', 22106935, null);
INSERT INTO Inscrit VALUES('MIN17213', 22106935, null);
INSERT INTO Inscrit VALUES('MIN17218', 22106935, null);
INSERT INTO Inscrit VALUES('MIN17217', 22106935, null);

INSERT INTO Inscrit VALUES('MIN17214', 22208420, null);
INSERT INTO Inscrit VALUES('MIN17213', 22208420, null);
INSERT INTO Inscrit VALUES('MIN17218', 22208420, null);
INSERT INTO Inscrit VALUES('MIN17217', 22208420, null);

INSERT INTO Inscrit VALUES('MIN17214', 21504311, null);
INSERT INTO Inscrit VALUES('MIN17213', 21504311, null);
INSERT INTO Inscrit VALUES('MIN17218', 21504311, null);
INSERT INTO Inscrit VALUES('MIN17211', 21504311, null);

INSERT INTO Inscrit VALUES('MIN17214', 21500056, null);
INSERT INTO Inscrit VALUES('MIN17213', 21500056, null);
INSERT INTO Inscrit VALUES('MIN17218', 21500056, null);
INSERT INTO Inscrit VALUES('MIN17211', 21500056, null);

INSERT INTO Inscrit VALUES('MIN17214', 21607130, null);
INSERT INTO Inscrit VALUES('MIN17213', 21607130, null);
INSERT INTO Inscrit VALUES('MIN17217', 21607130, null);
INSERT INTO Inscrit VALUES('MIN17211', 21607130, null);

INSERT INTO Inscrit VALUES('MIN17214', 21703897, null);
INSERT INTO Inscrit VALUES('MIN17213', 21703897, null);
INSERT INTO Inscrit VALUES('MIN17217', 21703897, null);
INSERT INTO Inscrit VALUES('MIN17211', 21703897, null);

INSERT INTO Inscrit VALUES('MIN17214', 21705376, null);
INSERT INTO Inscrit VALUES('MIN17213', 21705376, null);
INSERT INTO Inscrit VALUES('MIN17217', 21705376, null);
INSERT INTO Inscrit VALUES('MIN17211', 21705376, null);

INSERT INTO Inscrit VALUES('MIN17214', 21701255, null);
INSERT INTO Inscrit VALUES('MIN17213', 21701255, null);
INSERT INTO Inscrit VALUES('MIN17217', 21701255, null);
INSERT INTO Inscrit VALUES('MIN17218', 21701255, null);

INSERT INTO Inscrit VALUES('MIN17214', 21800735, null);
INSERT INTO Inscrit VALUES('MIN17213', 21800735, null);
INSERT INTO Inscrit VALUES('MIN17217', 21800735, null);
INSERT INTO Inscrit VALUES('MIN17218', 21800735, null);

INSERT INTO Inscrit VALUES('MIN17214', 21807240, null);
INSERT INTO Inscrit VALUES('MIN17213', 21807240, null);
INSERT INTO Inscrit VALUES('MIN17217', 21807240, null);
INSERT INTO Inscrit VALUES('MIN17218', 21807240, null);

INSERT INTO Inscrit VALUES('MIN17214', 21809269, null);
INSERT INTO Inscrit VALUES('MIN17213', 21809269, null);
INSERT INTO Inscrit VALUES('MIN17217', 21809269, null);
INSERT INTO Inscrit VALUES('MIN17218', 21809269, null);

INSERT INTO Inscrit VALUES('MIN17214', 21806340, null);
INSERT INTO Inscrit VALUES('MIN17213', 21806340, null);
INSERT INTO Inscrit VALUES('MIN17217', 21806340, null);
INSERT INTO Inscrit VALUES('MIN17211', 21806340, null);

INSERT INTO Inscrit VALUES('MIN17214', 21800324, null);
INSERT INTO Inscrit VALUES('MIN17213', 21800324, null);
INSERT INTO Inscrit VALUES('MIN17211', 21800324, null);
INSERT INTO Inscrit VALUES('MIN17218', 21800324, null);

INSERT INTO Inscrit VALUES('MIN17214', 21804717, null);
INSERT INTO Inscrit VALUES('MIN17213', 21804717, null);
INSERT INTO Inscrit VALUES('MIN17218', 21804717, null);
INSERT INTO Inscrit VALUES('MIN17211', 21804717, null);

INSERT INTO Inscrit VALUES('MIN17214', 21805143, null);
INSERT INTO Inscrit VALUES('MIN17213', 21805143, null);
INSERT INTO Inscrit VALUES('MIN17218', 21805143, null);
INSERT INTO Inscrit VALUES('MIN17211', 21805143, null);

INSERT INTO Inscrit VALUES('MIN17214', 21808685, null);
INSERT INTO Inscrit VALUES('MIN17213', 21808685, null);
INSERT INTO Inscrit VALUES('MIN17218', 21808685, null);
INSERT INTO Inscrit VALUES('MIN17211', 21808685, null);

INSERT INTO Inscrit VALUES('MIN17214', 21809975, null);
INSERT INTO Inscrit VALUES('MIN17213', 21809975, null);
INSERT INTO Inscrit VALUES('MIN17218', 21809975, null);
INSERT INTO Inscrit VALUES('MIN17217', 21809975, null);

INSERT INTO Inscrit VALUES('MIN17214', 21805208, null);
INSERT INTO Inscrit VALUES('MIN17213', 21805208, null);
INSERT INTO Inscrit VALUES('MIN17218', 21805208, null);
INSERT INTO Inscrit VALUES('MIN17217', 21805208, null);

INSERT INTO Inscrit VALUES('MIN17214', 21908786, null);
INSERT INTO Inscrit VALUES('MIN17213', 21908786, null);
INSERT INTO Inscrit VALUES('MIN17218', 21908786, null);
INSERT INTO Inscrit VALUES('MIN17217', 21908786, null);

INSERT INTO Inscrit VALUES('MIN17214', 21903954, null);
INSERT INTO Inscrit VALUES('MIN17213', 21903954, null);
INSERT INTO Inscrit VALUES('MIN17218', 21903954, null);
INSERT INTO Inscrit VALUES('MIN17217', 21903954, null);

INSERT INTO Inscrit VALUES('MIN17214', 21901767, null);
INSERT INTO Inscrit VALUES('MIN17213', 21901767, null);
INSERT INTO Inscrit VALUES('MIN17218', 21901767, null);
INSERT INTO Inscrit VALUES('MIN17217', 21901767, null);

INSERT INTO Inscrit VALUES('MIN17214', 21904321, null);
INSERT INTO Inscrit VALUES('MIN17213', 21904321, null);
INSERT INTO Inscrit VALUES('MIN17218', 21904321, null);
INSERT INTO Inscrit VALUES('MIN17211', 21904321, null);

INSERT INTO Inscrit VALUES('MIN17214', 22002951, null);
INSERT INTO Inscrit VALUES('MIN17213', 22002951, null);
INSERT INTO Inscrit VALUES('MIN17218', 22002951, null);
INSERT INTO Inscrit VALUES('MIN17211', 22002951, null);

INSERT INTO Inscrit VALUES('MIN17214', 22001332, null);
INSERT INTO Inscrit VALUES('MIN17213', 22001332, null);
INSERT INTO Inscrit VALUES('MIN17218', 22001332, null);
INSERT INTO Inscrit VALUES('MIN17212', 22001332, null);

INSERT INTO Inscrit VALUES('MIN17214', 22004021, null);
INSERT INTO Inscrit VALUES('MIN17213', 22004021, null);
INSERT INTO Inscrit VALUES('MIN17218', 22004021, null);
INSERT INTO Inscrit VALUES('MIN17212', 22004021, null);

INSERT INTO Inscrit VALUES('MIN17201', 21704755, null);
INSERT INTO Inscrit VALUES('MSANGS21', 21704755, null);

INSERT INTO Inscrit VALUES('MIN17201', 22106935, null);
INSERT INTO Inscrit VALUES('MSANGS21', 22106935, null);

INSERT INTO Inscrit VALUES('MIN17201', 22208420, null);
INSERT INTO Inscrit VALUES('MSANGS21', 22208420, null);

INSERT INTO Inscrit VALUES('MIN17201', 21504311, null);
INSERT INTO Inscrit VALUES('MSANGS21', 21504311, null);

INSERT INTO Inscrit VALUES('MIN17201', 21500056, null);
INSERT INTO Inscrit VALUES('MSANGS21', 21500056, null);

INSERT INTO Inscrit VALUES('MIN17201', 21607130, null);
INSERT INTO Inscrit VALUES('MSANGS21', 21607130, null);

INSERT INTO Inscrit VALUES('MIN17201', 21703897, null);
INSERT INTO Inscrit VALUES('MSANGS21', 21703897, null);

INSERT INTO Inscrit VALUES('MIN17201', 21705376, null);
INSERT INTO Inscrit VALUES('MSANGS21', 21705376, null);

INSERT INTO Inscrit VALUES('MIN17201', 21701255, null);
INSERT INTO Inscrit VALUES('MSANGS21', 21701255, null);

INSERT INTO Inscrit VALUES('MIN17201', 21800735, null);
INSERT INTO Inscrit VALUES('MSANGS21', 21800735, null);

INSERT INTO Inscrit VALUES('MIN17201', 21807240, null);
INSERT INTO Inscrit VALUES('MSANGS21', 21807240, null);

INSERT INTO Inscrit VALUES('MIN17201', 21809269, null);
INSERT INTO Inscrit VALUES('MSANGS21', 21809269, null);

INSERT INTO Inscrit VALUES('MIN17201', 21806340, null);
INSERT INTO Inscrit VALUES('MSANGS21', 21806340, null);

INSERT INTO Inscrit VALUES('MIN17201', 21800324, null);
INSERT INTO Inscrit VALUES('MSANGS21', 21800324, null);

INSERT INTO Inscrit VALUES('MIN17201', 21804717, null);
INSERT INTO Inscrit VALUES('MSANGS21', 21804717, null);

INSERT INTO Inscrit VALUES('MIN17201', 21805143, null);
INSERT INTO Inscrit VALUES('MSANGS21', 21805143, null);

INSERT INTO Inscrit VALUES('MIN17201', 21808685, null);
INSERT INTO Inscrit VALUES('MSANGS21', 21808685, null);

INSERT INTO Inscrit VALUES('MIN17201', 21809975, null);
INSERT INTO Inscrit VALUES('MSANGS21', 21809975, null);

INSERT INTO Inscrit VALUES('MIN17201', 21805208, null);
INSERT INTO Inscrit VALUES('MSANGS21', 21805208, null);

INSERT INTO Inscrit VALUES('MIN17201', 21908786, null);
INSERT INTO Inscrit VALUES('MSANGS21', 21908786, null);

INSERT INTO Inscrit VALUES('MIN17201', 21903954, null);
INSERT INTO Inscrit VALUES('MSANGS21', 21903954, null);

INSERT INTO Inscrit VALUES('MIN17201', 21901767, null);
INSERT INTO Inscrit VALUES('MSANGS21', 21901767, null);

INSERT INTO Inscrit VALUES('MIN17201', 21904321, null);
INSERT INTO Inscrit VALUES('MSANGS21', 21904321, null);

INSERT INTO Inscrit VALUES('MIN17201', 22002951, null);
INSERT INTO Inscrit VALUES('MSANGS21', 22002951, null);

INSERT INTO Inscrit VALUES('MIN17201', 22001332, null);
INSERT INTO Inscrit VALUES('MSANGS21', 22001332, null);

INSERT INTO Inscrit VALUES('MIN17201', 22004021, null);
INSERT INTO Inscrit VALUES('MSANGS21', 22004021, null);


--Secret--
INSERT INTO Inscrit VALUES('MIN17218', 21506184, null);
INSERT INTO Inscrit VALUES('MIN17217', 21506184, null);
INSERT INTO Inscrit VALUES('MIN17213', 21506184, null);
INSERT INTO Inscrit VALUES('MIN17211', 21506184, null);

INSERT INTO Inscrit VALUES('MIN17218', 21501801, null);
INSERT INTO Inscrit VALUES('MIN17217', 21501801, null);
INSERT INTO Inscrit VALUES('MIN17213', 21501801, null);
INSERT INTO Inscrit VALUES('MIN17211', 21501801, null);

INSERT INTO Inscrit VALUES('MIN17218', 21503511, null);
INSERT INTO Inscrit VALUES('MIN17217', 21503511, null);
INSERT INTO Inscrit VALUES('MIN17213', 21503511, null);
INSERT INTO Inscrit VALUES('MIN17211', 21503511, null);

INSERT INTO Inscrit VALUES('MIN17218', 21603909, null);
INSERT INTO Inscrit VALUES('MIN17217', 21603909, null);
INSERT INTO Inscrit VALUES('MIN17213', 21603909, null);
INSERT INTO Inscrit VALUES('MIN17211', 21603909, null);

INSERT INTO Inscrit VALUES('MIN17218', 21608275, null);
INSERT INTO Inscrit VALUES('MIN17217', 21608275, null);
INSERT INTO Inscrit VALUES('MIN17213', 21608275, null);
INSERT INTO Inscrit VALUES('MIN17211', 21608275, null);

INSERT INTO Inscrit VALUES('MIN17218', 21709456, null);
INSERT INTO Inscrit VALUES('MIN17217', 21709456, null);
INSERT INTO Inscrit VALUES('MIN17213', 21709456, null);
INSERT INTO Inscrit VALUES('MIN17214', 21709456, null);

INSERT INTO Inscrit VALUES('MIN17218', 21702843, null);
INSERT INTO Inscrit VALUES('MIN17217', 21702843, null);
INSERT INTO Inscrit VALUES('MIN17213', 21702843, null);
INSERT INTO Inscrit VALUES('MIN17214', 21702843, null);

INSERT INTO Inscrit VALUES('MIN17218', 21701894, null);
INSERT INTO Inscrit VALUES('MIN17217', 21701894, null);
INSERT INTO Inscrit VALUES('MIN17213', 21701894, null);
INSERT INTO Inscrit VALUES('MIN17212', 21701894, null);

INSERT INTO Inscrit VALUES('MIN17218', 21801326, null);
INSERT INTO Inscrit VALUES('MIN17217', 21801326, null);
INSERT INTO Inscrit VALUES('MIN17212', 21801326, null);
INSERT INTO Inscrit VALUES('MIN17213', 21801326, null);

INSERT INTO Inscrit VALUES('MIN17218', 21806921, null);
INSERT INTO Inscrit VALUES('MIN17217', 21806921, null);
INSERT INTO Inscrit VALUES('MIN17213', 21806921, null);
INSERT INTO Inscrit VALUES('MIN17212', 21806921, null);

INSERT INTO Inscrit VALUES('MIN17218', 21807557, null);
INSERT INTO Inscrit VALUES('MIN17217', 21807557, null);
INSERT INTO Inscrit VALUES('MIN17214', 21807557, null);
INSERT INTO Inscrit VALUES('MIN17212', 21807557, null);

INSERT INTO Inscrit VALUES('MIN17218', 21803288, null);
INSERT INTO Inscrit VALUES('MIN17217', 21803288, null);
INSERT INTO Inscrit VALUES('MIN17214', 21803288, null);
INSERT INTO Inscrit VALUES('MIN17212', 21803288, null);

INSERT INTO Inscrit VALUES('MIN17218', 21800330, null);
INSERT INTO Inscrit VALUES('MIN17217', 21800330, null);
INSERT INTO Inscrit VALUES('MIN17214', 21800330, null);
INSERT INTO Inscrit VALUES('MIN17212', 21800330, null);

INSERT INTO Inscrit VALUES('MIN17218', 21802446, null);
INSERT INTO Inscrit VALUES('MIN17217', 21802446, null);
INSERT INTO Inscrit VALUES('MIN17214', 21802446, null);
INSERT INTO Inscrit VALUES('MIN17212', 21802446, null);

INSERT INTO Inscrit VALUES('MIN17218', 21802809, null);
INSERT INTO Inscrit VALUES('MIN17217', 21802809, null);
INSERT INTO Inscrit VALUES('MIN17214', 21802809, null);
INSERT INTO Inscrit VALUES('MIN17212', 21802809, null);

INSERT INTO Inscrit VALUES('MIN17218', 21805063, null);
INSERT INTO Inscrit VALUES('MIN17217', 21805063, null);
INSERT INTO Inscrit VALUES('MIN17214', 21805063, null);
INSERT INTO Inscrit VALUES('MIN17212', 21805063, null);

INSERT INTO Inscrit VALUES('MIN17218', 21807527, null);
INSERT INTO Inscrit VALUES('MIN17217', 21807527, null);
INSERT INTO Inscrit VALUES('MIN17214', 21807527, null);
INSERT INTO Inscrit VALUES('MIN17212', 21807527, null);

INSERT INTO Inscrit VALUES('MIN17218', 21809776, null);
INSERT INTO Inscrit VALUES('MIN17217', 21809776, null);
INSERT INTO Inscrit VALUES('MIN17214', 21809776, null);
INSERT INTO Inscrit VALUES('MIN17212', 21809776, null);

INSERT INTO Inscrit VALUES('MIN17218', 21805277, null);
INSERT INTO Inscrit VALUES('MIN17217', 21805277, null);
INSERT INTO Inscrit VALUES('MIN17214', 21805277, null);
INSERT INTO Inscrit VALUES('MIN17212', 21805277, null);

INSERT INTO Inscrit VALUES('MIN17218', 21802798, null);
INSERT INTO Inscrit VALUES('MIN17217', 21802798, null);
INSERT INTO Inscrit VALUES('MIN17214', 21802798, null);
INSERT INTO Inscrit VALUES('MIN17212', 21802798, null);

INSERT INTO Inscrit VALUES('MIN17218', 21801552, null);
INSERT INTO Inscrit VALUES('MIN17217', 21801552, null);
INSERT INTO Inscrit VALUES('MIN17214', 21801552, null);
INSERT INTO Inscrit VALUES('MIN17212', 21801552, null);

INSERT INTO Inscrit VALUES('MIN17218', 21909223, null);
INSERT INTO Inscrit VALUES('MIN17217', 21909223, null);
INSERT INTO Inscrit VALUES('MIN17214', 21909223, null);
INSERT INTO Inscrit VALUES('MIN17211', 21909223, null);

INSERT INTO Inscrit VALUES('MIN17218', 21905169, null);
INSERT INTO Inscrit VALUES('MIN17217', 21905169, null);
INSERT INTO Inscrit VALUES('MIN17214', 21905169, null);
INSERT INTO Inscrit VALUES('MIN17211', 21905169, null);

INSERT INTO Inscrit VALUES('MIN17218', 21909975, null);
INSERT INTO Inscrit VALUES('MIN17217', 21909975, null);
INSERT INTO Inscrit VALUES('MIN17214', 21909975, null);
INSERT INTO Inscrit VALUES('MIN17211', 21909975, null);

INSERT INTO Inscrit VALUES('MIN17218', 21903380, null);
INSERT INTO Inscrit VALUES('MIN17217', 21903380, null);
INSERT INTO Inscrit VALUES('MIN17214', 21903380, null);
INSERT INTO Inscrit VALUES('MIN17211', 21903380, null);


INSERT INTO Inscrit VALUES('MIN17201', 21506184, null);
INSERT INTO Inscrit VALUES('MSANGS21', 21506184, null);

INSERT INTO Inscrit VALUES('MIN17201', 21501801, null);
INSERT INTO Inscrit VALUES('MSANGS21', 21501801, null);

INSERT INTO Inscrit VALUES('MIN17201', 21503511, null);
INSERT INTO Inscrit VALUES('MSANGS21', 21503511, null);

INSERT INTO Inscrit VALUES('MIN17201', 21603909, null);
INSERT INTO Inscrit VALUES('MSANGS21', 21603909, null);

INSERT INTO Inscrit VALUES('MIN17201', 21608275, null);
INSERT INTO Inscrit VALUES('MSANGS21', 21608275, null);

INSERT INTO Inscrit VALUES('MIN17201', 21709456, null);
INSERT INTO Inscrit VALUES('MSANGS21', 21709456, null);

INSERT INTO Inscrit VALUES('MIN17201', 21702843, null);
INSERT INTO Inscrit VALUES('MSANGS21', 21702843, null);

INSERT INTO Inscrit VALUES('MIN17201', 21701894, null);
INSERT INTO Inscrit VALUES('MSANGS21', 21701894, null);

INSERT INTO Inscrit VALUES('MIN17201', 21801326, null);
INSERT INTO Inscrit VALUES('MSANGS21', 21801326, null);

INSERT INTO Inscrit VALUES('MIN17201', 21806921, null);
INSERT INTO Inscrit VALUES('MSANGS21', 21806921, null);

INSERT INTO Inscrit VALUES('MIN17201', 21807557, null);
INSERT INTO Inscrit VALUES('MSANGS21', 21807557, null);

INSERT INTO Inscrit VALUES('MIN17201', 21803288, null);
INSERT INTO Inscrit VALUES('MSANGS21', 21803288, null);

INSERT INTO Inscrit VALUES('MIN17201', 21800330, null);
INSERT INTO Inscrit VALUES('MSANGS21', 21800330, null);

INSERT INTO Inscrit VALUES('MIN17201', 21802446, null);
INSERT INTO Inscrit VALUES('MSANGS21', 21802446, null);

INSERT INTO Inscrit VALUES('MIN17201', 21802809, null);
INSERT INTO Inscrit VALUES('MSANGS21', 21802809, null);

INSERT INTO Inscrit VALUES('MIN17201', 21805063, null);
INSERT INTO Inscrit VALUES('MSANGS21', 21805063, null);

INSERT INTO Inscrit VALUES('MIN17201', 21807527, null);
INSERT INTO Inscrit VALUES('MSANGS21', 21807527, null);

INSERT INTO Inscrit VALUES('MIN17201', 21809776, null);
INSERT INTO Inscrit VALUES('MSANGS21', 21809776, null);

INSERT INTO Inscrit VALUES('MIN17201', 21805277, null);
INSERT INTO Inscrit VALUES('MSANGS21', 21805277, null);

INSERT INTO Inscrit VALUES('MIN17201', 21802798, null);
INSERT INTO Inscrit VALUES('MSANGS21', 21802798, null);

INSERT INTO Inscrit VALUES('MIN17201', 21801552, null);
INSERT INTO Inscrit VALUES('MSANGS21', 21801552, null);

INSERT INTO Inscrit VALUES('MIN17201', 21909223, null);
INSERT INTO Inscrit VALUES('MSANGS21', 21909223, null);

INSERT INTO Inscrit VALUES('MIN17201', 21905169, null);
INSERT INTO Inscrit VALUES('MSANGS21', 21905169, null);

INSERT INTO Inscrit VALUES('MIN17201', 21909975, null);
INSERT INTO Inscrit VALUES('MSANGS21', 21909975, null);

INSERT INTO Inscrit VALUES('MIN17201', 21903380, null);
INSERT INTO Inscrit VALUES('MSANGS21', 21903380, null);

--Reseau--
INSERT INTO Inscrit VALUES('MIN17215', 21603046, null);
INSERT INTO Inscrit VALUES('MIN17216', 21603046, null);
INSERT INTO Inscrit VALUES('MIN17217', 21603046, null);
INSERT INTO Inscrit VALUES('MIN17213', 21603046, null);

INSERT INTO Inscrit VALUES('MIN17215', 21609592, null);
INSERT INTO Inscrit VALUES('MIN17216', 21609592, null);
INSERT INTO Inscrit VALUES('MIN17217', 21609592, null);
INSERT INTO Inscrit VALUES('MIN17213', 21609592, null);

INSERT INTO Inscrit VALUES('MIN17215', 21604216, null);
INSERT INTO Inscrit VALUES('MIN17216', 21604216, null);
INSERT INTO Inscrit VALUES('MIN17217', 21604216, null);
INSERT INTO Inscrit VALUES('MIN17213', 21604216, null);

INSERT INTO Inscrit VALUES('MIN17215', 21707481, null);
INSERT INTO Inscrit VALUES('MIN17216', 21707481, null);
INSERT INTO Inscrit VALUES('MIN17217', 21707481, null);
INSERT INTO Inscrit VALUES('MIN17213', 21707481, null);

INSERT INTO Inscrit VALUES('MIN17215', 21700097, null);
INSERT INTO Inscrit VALUES('MIN17216', 21700097, null);
INSERT INTO Inscrit VALUES('MIN17217', 21700097, null);
INSERT INTO Inscrit VALUES('MIN17213', 21700097, null);

INSERT INTO Inscrit VALUES('MIN17215', 21703347, null);
INSERT INTO Inscrit VALUES('MIN17216', 21703347, null);
INSERT INTO Inscrit VALUES('MIN17217', 21703347, null);
INSERT INTO Inscrit VALUES('MIN17211', 21703347, null);

INSERT INTO Inscrit VALUES('MIN17215', 21709716, null);
INSERT INTO Inscrit VALUES('MIN17216', 21709716, null);
INSERT INTO Inscrit VALUES('MIN17217', 21709716, null);
INSERT INTO Inscrit VALUES('MIN17211', 21709716, null);

INSERT INTO Inscrit VALUES('MIN17215', 21702183, null);
INSERT INTO Inscrit VALUES('MIN17216', 21702183, null);
INSERT INTO Inscrit VALUES('MIN17217', 21702183, null);
INSERT INTO Inscrit VALUES('MIN17211', 21702183, null);

INSERT INTO Inscrit VALUES('MIN17215', 21809906, null);
INSERT INTO Inscrit VALUES('MIN17216', 21809906, null);
INSERT INTO Inscrit VALUES('MIN17217', 21809906, null);
INSERT INTO Inscrit VALUES('MIN17211', 21809906, null);

INSERT INTO Inscrit VALUES('MIN17215', 21805436, null);
INSERT INTO Inscrit VALUES('MIN17216', 21805436, null);
INSERT INTO Inscrit VALUES('MIN17217', 21805436, null);
INSERT INTO Inscrit VALUES('MIN17211', 21805436, null);

INSERT INTO Inscrit VALUES('MIN17215', 21804369, null);
INSERT INTO Inscrit VALUES('MIN17216', 21804369, null);
INSERT INTO Inscrit VALUES('MIN17217', 21804369, null);
INSERT INTO Inscrit VALUES('MIN17211', 21804369, null);

INSERT INTO Inscrit VALUES('MIN17215', 21801240, null);
INSERT INTO Inscrit VALUES('MIN17216', 21801240, null);
INSERT INTO Inscrit VALUES('MIN17217', 21801240, null);
INSERT INTO Inscrit VALUES('MIN17211', 21801240, null);

INSERT INTO Inscrit VALUES('MIN17215', 21803338, null);
INSERT INTO Inscrit VALUES('MIN17216', 21803338, null);
INSERT INTO Inscrit VALUES('MIN17217', 21803338, null);
INSERT INTO Inscrit VALUES('MIN17212', 21803338, null);

INSERT INTO Inscrit VALUES('MIN17215', 21804053, null);
INSERT INTO Inscrit VALUES('MIN17216', 21804053, null);
INSERT INTO Inscrit VALUES('MIN17217', 21804053, null);
INSERT INTO Inscrit VALUES('MIN17212', 21804053, null);

INSERT INTO Inscrit VALUES('MIN17215', 21804977, null);
INSERT INTO Inscrit VALUES('MIN17216', 21804977, null);
INSERT INTO Inscrit VALUES('MIN17217', 21804977, null);
INSERT INTO Inscrit VALUES('MIN17212', 21804977, null);

INSERT INTO Inscrit VALUES('MIN17215', 21803710, null);
INSERT INTO Inscrit VALUES('MIN17216', 21803710, null);
INSERT INTO Inscrit VALUES('MIN17217', 21803710, null);
INSERT INTO Inscrit VALUES('MIN17214', 21803710, null);

INSERT INTO Inscrit VALUES('MIN17215', 21800102, null);
INSERT INTO Inscrit VALUES('MIN17216', 21800102, null);
INSERT INTO Inscrit VALUES('MIN17217', 21800102, null);
INSERT INTO Inscrit VALUES('MIN17214', 21800102, null);

INSERT INTO Inscrit VALUES('MIN17215', 21805575, null);
INSERT INTO Inscrit VALUES('MIN17216', 21805575, null);
INSERT INTO Inscrit VALUES('MIN17217', 21805575, null);
INSERT INTO Inscrit VALUES('MIN17214', 21805575, null);

INSERT INTO Inscrit VALUES('MIN17215', 21809974, null);
INSERT INTO Inscrit VALUES('MIN17216', 21809974, null);
INSERT INTO Inscrit VALUES('MIN17217', 21809974, null);
INSERT INTO Inscrit VALUES('MIN17214', 21809974, null);

INSERT INTO Inscrit VALUES('MIN17215', 21800184, null);
INSERT INTO Inscrit VALUES('MIN17216', 21800184, null);
INSERT INTO Inscrit VALUES('MIN17217', 21800184, null);
INSERT INTO Inscrit VALUES('MIN17214', 21800184, null);

INSERT INTO Inscrit VALUES('MIN17215', 21902684, null);
INSERT INTO Inscrit VALUES('MIN17216', 21902684, null);
INSERT INTO Inscrit VALUES('MIN17217', 21902684, null);
INSERT INTO Inscrit VALUES('MIN17214', 21902684, null);

INSERT INTO Inscrit VALUES('MIN17215', 21902464, null);
INSERT INTO Inscrit VALUES('MIN17216', 21902464, null);
INSERT INTO Inscrit VALUES('MIN17217', 21902464, null);
INSERT INTO Inscrit VALUES('MIN17214', 21902464, null);

INSERT INTO Inscrit VALUES('MIN17215', 21907525, null);
INSERT INTO Inscrit VALUES('MIN17216', 21907525, null);
INSERT INTO Inscrit VALUES('MIN17217', 21907525, null);
INSERT INTO Inscrit VALUES('MIN17214', 21907525, null);

INSERT INTO Inscrit VALUES('MIN17215', 21904624, null);
INSERT INTO Inscrit VALUES('MIN17216', 21904624, null);
INSERT INTO Inscrit VALUES('MIN17217', 21904624, null);
INSERT INTO Inscrit VALUES('MIN17214', 21904624, null);

INSERT INTO Inscrit VALUES('MIN17215', 22005674, null);
INSERT INTO Inscrit VALUES('MIN17216', 22005674, null);
INSERT INTO Inscrit VALUES('MIN17217', 22005674, null);
INSERT INTO Inscrit VALUES('MIN17214', 22005674, null);

INSERT INTO Inscrit VALUES('MIN17215', 22003891, null);
INSERT INTO Inscrit VALUES('MIN17216', 22003891, null);
INSERT INTO Inscrit VALUES('MIN17217', 22003891, null);
INSERT INTO Inscrit VALUES('MIN17214', 22003891, null);

INSERT INTO Inscrit VALUES('MIN17215', 22006388, null);
INSERT INTO Inscrit VALUES('MIN17216', 22006388, null);
INSERT INTO Inscrit VALUES('MIN17214', 22006388, null);
INSERT INTO Inscrit VALUES('MIN17212', 22006388, null);

INSERT INTO Inscrit VALUES('MIN17215', 22103125, null);
INSERT INTO Inscrit VALUES('MIN17216', 22103125, null);
INSERT INTO Inscrit VALUES('MIN17214', 22103125, null);
INSERT INTO Inscrit VALUES('MIN17212', 22103125, null);

INSERT INTO Inscrit VALUES('MIN17215', 22100524, null);
INSERT INTO Inscrit VALUES('MIN17216', 22100524, null);
INSERT INTO Inscrit VALUES('MIN17214', 22100524, null);
INSERT INTO Inscrit VALUES('MIN17213', 22100524, null);

INSERT INTO Inscrit VALUES('MIN17215', 22105336, null);
INSERT INTO Inscrit VALUES('MIN17216', 22105336, null);
INSERT INTO Inscrit VALUES('MIN17214', 22105336, null);
INSERT INTO Inscrit VALUES('MIN17212', 22105336, null);

INSERT INTO Inscrit VALUES('MIN17215', 22102358, null);
INSERT INTO Inscrit VALUES('MIN17216', 22102358, null);
INSERT INTO Inscrit VALUES('MIN17214', 22102358, null);
INSERT INTO Inscrit VALUES('MIN17212', 22102358, null);


INSERT INTO Inscrit VALUES('MIN17201', 21603046, null);
INSERT INTO Inscrit VALUES('MSANGS21', 21603046, null);

INSERT INTO Inscrit VALUES('MIN17201', 21609592, null);
INSERT INTO Inscrit VALUES('MSANGS21', 21609592, null);

INSERT INTO Inscrit VALUES('MIN17201', 21604216, null);
INSERT INTO Inscrit VALUES('MSANGS21', 21604216, null);

INSERT INTO Inscrit VALUES('MIN17201', 21707481, null);
INSERT INTO Inscrit VALUES('MSANGS21', 21707481, null);

INSERT INTO Inscrit VALUES('MIN17201', 21700097, null);
INSERT INTO Inscrit VALUES('MSANGS21', 21700097, null);

INSERT INTO Inscrit VALUES('MIN17201', 21703347, null);
INSERT INTO Inscrit VALUES('MSANGS21', 21703347, null);

INSERT INTO Inscrit VALUES('MIN17201', 21709716, null);
INSERT INTO Inscrit VALUES('MSANGS21', 21709716, null);

INSERT INTO Inscrit VALUES('MIN17201', 21702183, null);
INSERT INTO Inscrit VALUES('MSANGS21', 21702183, null);

INSERT INTO Inscrit VALUES('MIN17201', 21809906, null);
INSERT INTO Inscrit VALUES('MSANGS21', 21809906, null);

INSERT INTO Inscrit VALUES('MIN17201', 21805436, null);
INSERT INTO Inscrit VALUES('MSANGS21', 21805436, null);

INSERT INTO Inscrit VALUES('MIN17201', 21804369, null);
INSERT INTO Inscrit VALUES('MSANGS21', 21804369, null);

INSERT INTO Inscrit VALUES('MIN17201', 21801240, null);
INSERT INTO Inscrit VALUES('MSANGS21', 21801240, null);

INSERT INTO Inscrit VALUES('MIN17201', 21803338, null);
INSERT INTO Inscrit VALUES('MSANGS21', 21803338, null);

INSERT INTO Inscrit VALUES('MIN17201', 21804053, null);
INSERT INTO Inscrit VALUES('MSANGS21', 21804053, null);

INSERT INTO Inscrit VALUES('MIN17201', 21804977, null);
INSERT INTO Inscrit VALUES('MSANGS21', 21804977, null);

INSERT INTO Inscrit VALUES('MIN17201', 21803710, null);
INSERT INTO Inscrit VALUES('MSANGS21', 21803710, null);

INSERT INTO Inscrit VALUES('MIN17201', 21800102, null);
INSERT INTO Inscrit VALUES('MSANGS21', 21800102, null);

INSERT INTO Inscrit VALUES('MIN17201', 21805575, null);
INSERT INTO Inscrit VALUES('MSANGS21', 21805575, null);

INSERT INTO Inscrit VALUES('MIN17201', 21809974, null);
INSERT INTO Inscrit VALUES('MSANGS21', 21809974, null);

INSERT INTO Inscrit VALUES('MIN17201', 21800184, null);
INSERT INTO Inscrit VALUES('MSANGS21', 21800184, null);

INSERT INTO Inscrit VALUES('MIN17201', 21902684, null);
INSERT INTO Inscrit VALUES('MSANGS21', 21902684, null);

INSERT INTO Inscrit VALUES('MIN17201', 21902464, null);
INSERT INTO Inscrit VALUES('MSANGS21', 21902464, null);

INSERT INTO Inscrit VALUES('MIN17201', 21907525, null);
INSERT INTO Inscrit VALUES('MSANGS21', 21907525, null);

INSERT INTO Inscrit VALUES('MIN17201', 21904624, null);
INSERT INTO Inscrit VALUES('MSANGS21', 21904624, null);

INSERT INTO Inscrit VALUES('MIN17201', 22005674, null);
INSERT INTO Inscrit VALUES('MSANGS21', 22005674, null);

INSERT INTO Inscrit VALUES('MIN17201', 22003891, null);
INSERT INTO Inscrit VALUES('MSANGS21', 22003891, null);

INSERT INTO Inscrit VALUES('MIN17201', 22006388, null);
INSERT INTO Inscrit VALUES('MSANGS21', 22006388, null);

INSERT INTO Inscrit VALUES('MIN17201', 22103125, null);
INSERT INTO Inscrit VALUES('MSANGS21', 22103125, null);

INSERT INTO Inscrit VALUES('MIN17201', 22100524, null);
INSERT INTO Inscrit VALUES('MSANGS21', 22100524, null);

INSERT INTO Inscrit VALUES('MIN17201', 22105336, null);
INSERT INTO Inscrit VALUES('MSANGS21', 22105336, null);

INSERT INTO Inscrit VALUES('MIN17201', 22102358, null);
INSERT INTO Inscrit VALUES('MSANGS21', 22102358, null);



--Amis--
INSERT INTO Inscrit VALUES('MIN17212', 21508783, null);
INSERT INTO Inscrit VALUES('MIN17211', 21508783, null);
INSERT INTO Inscrit VALUES('MIN17217', 21508783, null);
INSERT INTO Inscrit VALUES('MIN17213', 21508783, null);

INSERT INTO Inscrit VALUES('MIN17212', 21507042, null);
INSERT INTO Inscrit VALUES('MIN17211', 21507042, null);
INSERT INTO Inscrit VALUES('MIN17217', 21507042, null);
INSERT INTO Inscrit VALUES('MIN17213', 21507042, null);

INSERT INTO Inscrit VALUES('MIN17212', 21605935, null);
INSERT INTO Inscrit VALUES('MIN17211', 21605935, null);
INSERT INTO Inscrit VALUES('MIN17217', 21605935, null);
INSERT INTO Inscrit VALUES('MIN17213', 21605935, null);

INSERT INTO Inscrit VALUES('MIN17212', 21701935, null);
INSERT INTO Inscrit VALUES('MIN17211', 21701935, null);
INSERT INTO Inscrit VALUES('MIN17217', 21701935, null);
INSERT INTO Inscrit VALUES('MIN17213', 21701935, null);

INSERT INTO Inscrit VALUES('MIN17212', 21700992, null);
INSERT INTO Inscrit VALUES('MIN17211', 21700992, null);
INSERT INTO Inscrit VALUES('MIN17217', 21700992, null);
INSERT INTO Inscrit VALUES('MIN17213', 21700992, null);

INSERT INTO Inscrit VALUES('MIN17212', 21709918, null);
INSERT INTO Inscrit VALUES('MIN17211', 21709918, null);
INSERT INTO Inscrit VALUES('MIN17217', 21709918, null);
INSERT INTO Inscrit VALUES('MIN17218', 21709918, null);

INSERT INTO Inscrit VALUES('MIN17212', 21703113, null);
INSERT INTO Inscrit VALUES('MIN17211', 21703113, null);
INSERT INTO Inscrit VALUES('MIN17217', 21703113, null);
INSERT INTO Inscrit VALUES('MIN17218', 21703113, null);

INSERT INTO Inscrit VALUES('MIN17212', 21800448, null);
INSERT INTO Inscrit VALUES('MIN17211', 21800448, null);
INSERT INTO Inscrit VALUES('MIN17217', 21800448, null);
INSERT INTO Inscrit VALUES('MIN17218', 21800448, null);

INSERT INTO Inscrit VALUES('MIN17212', 21809246, null);
INSERT INTO Inscrit VALUES('MIN17211', 21809246, null);
INSERT INTO Inscrit VALUES('MIN17217', 21809246, null);
INSERT INTO Inscrit VALUES('MIN17218', 21809246, null);

INSERT INTO Inscrit VALUES('MIN17212', 21800364, null);
INSERT INTO Inscrit VALUES('MIN17211', 21800364, null);
INSERT INTO Inscrit VALUES('MIN17217', 21800364, null);
INSERT INTO Inscrit VALUES('MIN17214', 21800364, null);

INSERT INTO Inscrit VALUES('MIN17212', 21800371, null);
INSERT INTO Inscrit VALUES('MIN17211', 21800371, null);
INSERT INTO Inscrit VALUES('MIN17217', 21800371, null);
INSERT INTO Inscrit VALUES('MIN17214', 21800371, null);

INSERT INTO Inscrit VALUES('MIN17212', 21806229, null);
INSERT INTO Inscrit VALUES('MIN17211', 21806229, null);
INSERT INTO Inscrit VALUES('MIN17217', 21806229, null);
INSERT INTO Inscrit VALUES('MIN17218', 21806229, null);

INSERT INTO Inscrit VALUES('MIN17212', 21804194, null);
INSERT INTO Inscrit VALUES('MIN17211', 21804194, null);
INSERT INTO Inscrit VALUES('MIN17217', 21804194, null);
INSERT INTO Inscrit VALUES('MIN17214', 21804194, null);

INSERT INTO Inscrit VALUES('MIN17212', 21802843, null);
INSERT INTO Inscrit VALUES('MIN17211', 21802843, null);
INSERT INTO Inscrit VALUES('MIN17214', 21802843, null);
INSERT INTO Inscrit VALUES('MIN17218', 21802843, null);

INSERT INTO Inscrit VALUES('MIN17212', 21800989, null);
INSERT INTO Inscrit VALUES('MIN17211', 21800989, null);
INSERT INTO Inscrit VALUES('MIN17214', 21800989, null);
INSERT INTO Inscrit VALUES('MIN17218', 21800989, null);

INSERT INTO Inscrit VALUES('MIN17212', 21808097, null);
INSERT INTO Inscrit VALUES('MIN17211', 21808097, null);
INSERT INTO Inscrit VALUES('MIN17214', 21808097, null);
INSERT INTO Inscrit VALUES('MIN17218', 21808097, null);

INSERT INTO Inscrit VALUES('MIN17212', 21805656, null);
INSERT INTO Inscrit VALUES('MIN17211', 21805656, null);
INSERT INTO Inscrit VALUES('MIN17214', 21805656, null);
INSERT INTO Inscrit VALUES('MIN17218', 21805656, null);

INSERT INTO Inscrit VALUES('MIN17212', 21802726, null);
INSERT INTO Inscrit VALUES('MIN17211', 21802726, null);
INSERT INTO Inscrit VALUES('MIN17214', 21802726, null);
INSERT INTO Inscrit VALUES('MIN17218', 21802726, null);

INSERT INTO Inscrit VALUES('MIN17212', 21909784, null);
INSERT INTO Inscrit VALUES('MIN17211', 21909784, null);
INSERT INTO Inscrit VALUES('MIN17214', 21909784, null);
INSERT INTO Inscrit VALUES('MIN17218', 21909784, null);

INSERT INTO Inscrit VALUES('MIN17212', 21906007, null);
INSERT INTO Inscrit VALUES('MIN17211', 21906007, null);
INSERT INTO Inscrit VALUES('MIN17214', 21906007, null);
INSERT INTO Inscrit VALUES('MIN17218', 21906007, null);

INSERT INTO Inscrit VALUES('MIN17212', 21907812, null);
INSERT INTO Inscrit VALUES('MIN17211', 21907812, null);
INSERT INTO Inscrit VALUES('MIN17214', 21907812, null);
INSERT INTO Inscrit VALUES('MIN17218', 21907812, null);

INSERT INTO Inscrit VALUES('MIN17212', 21905199, null);
INSERT INTO Inscrit VALUES('MIN17211', 21905199, null);
INSERT INTO Inscrit VALUES('MIN17214', 21905199, null);
INSERT INTO Inscrit VALUES('MIN17218', 21905199, null);

INSERT INTO Inscrit VALUES('MIN17212', 21905792, null);
INSERT INTO Inscrit VALUES('MIN17211', 21905792, null);
INSERT INTO Inscrit VALUES('MIN17214', 21905792, null);
INSERT INTO Inscrit VALUES('MIN17218', 21905792, null);

INSERT INTO Inscrit VALUES('MIN17212', 22005574, null);
INSERT INTO Inscrit VALUES('MIN17211', 22005574, null);
INSERT INTO Inscrit VALUES('MIN17214', 22005574, null);
INSERT INTO Inscrit VALUES('MIN17218', 22005574, null);

--Amis--
INSERT INTO Inscrit VALUES('MIN17201', 21508783, null);
INSERT INTO Inscrit VALUES('MSANGS21', 21508783, null);

INSERT INTO Inscrit VALUES('MIN17201', 21507042, null);
INSERT INTO Inscrit VALUES('MSANGS21', 21507042, null);

INSERT INTO Inscrit VALUES('MIN17201', 21605935, null);
INSERT INTO Inscrit VALUES('MSANGS21', 21605935, null);

INSERT INTO Inscrit VALUES('MIN17201', 21701935, null);
INSERT INTO Inscrit VALUES('MSANGS21', 21701935, null);

INSERT INTO Inscrit VALUES('MIN17201', 21700992, null);
INSERT INTO Inscrit VALUES('MSANGS21', 21700992, null);

INSERT INTO Inscrit VALUES('MIN17201', 21709918, null);
INSERT INTO Inscrit VALUES('MSANGS21', 21709918, null);

INSERT INTO Inscrit VALUES('MIN17201', 21703113, null);
INSERT INTO Inscrit VALUES('MSANGS21', 21703113, null);

INSERT INTO Inscrit VALUES('MIN17201', 21800448, null);
INSERT INTO Inscrit VALUES('MSANGS21', 21800448, null);

INSERT INTO Inscrit VALUES('MIN17201', 21809246, null);
INSERT INTO Inscrit VALUES('MSANGS21', 21809246, null);

INSERT INTO Inscrit VALUES('MIN17201', 21800364, null);
INSERT INTO Inscrit VALUES('MSANGS21', 21800364, null);

INSERT INTO Inscrit VALUES('MIN17201', 21800371, null);
INSERT INTO Inscrit VALUES('MSANGS21', 21800371, null);

INSERT INTO Inscrit VALUES('MIN17201', 21806229, null);
INSERT INTO Inscrit VALUES('MSANGS21', 21806229, null);

INSERT INTO Inscrit VALUES('MIN17201', 21804194, null);
INSERT INTO Inscrit VALUES('MSANGS21', 21804194, null);

INSERT INTO Inscrit VALUES('MIN17201', 21802843, null);
INSERT INTO Inscrit VALUES('MSANGS21', 21802843, null);

INSERT INTO Inscrit VALUES('MIN17201', 21800989, null);
INSERT INTO Inscrit VALUES('MSANGS21', 21800989, null);

INSERT INTO Inscrit VALUES('MIN17201', 21808097, null);
INSERT INTO Inscrit VALUES('MSANGS21', 21808097, null);

INSERT INTO Inscrit VALUES('MIN17201', 21805656, null);
INSERT INTO Inscrit VALUES('MSANGS21', 21805656, null);

INSERT INTO Inscrit VALUES('MIN17201', 21802726, null);
INSERT INTO Inscrit VALUES('MSANGS21', 21802726, null);

INSERT INTO Inscrit VALUES('MIN17201', 21909784, null);
INSERT INTO Inscrit VALUES('MSANGS21', 21909784, null);

INSERT INTO Inscrit VALUES('MIN17201', 21906007, null);
INSERT INTO Inscrit VALUES('MSANGS21', 21906007, null);

INSERT INTO Inscrit VALUES('MIN17201', 21907812, null);
INSERT INTO Inscrit VALUES('MSANGS21', 21907812, null);

INSERT INTO Inscrit VALUES('MIN17201', 21905199, null);
INSERT INTO Inscrit VALUES('MSANGS21', 21905199, null);

INSERT INTO Inscrit VALUES('MIN17201', 21905792, null);
INSERT INTO Inscrit VALUES('MSANGS21', 21905792, null);

INSERT INTO Inscrit VALUES('MIN17201', 22005574, null);
INSERT INTO Inscrit VALUES('MSANGS21', 22005574, null);

-- Création de la table Seance--
-- Création de la table Enseignant --

CREATE table if not exists Seance
(
	NumSeance Int PRIMARY KEY NOT NULL,
	NumGroupe int,
	CodeModule varchar(10),
	IdEnseignant int,
	NomSalle varchar(50),
	IdCreneau int,
	FOREIGN KEY(CodeModule) REFERENCES Matiere(Code),
	FOREIGN KEY(IdEnseignant) REFERENCES Enseignant(IdEnseignant),
	FOREIGN KEY(NomSalle) REFERENCES Salle(NomSalle),
	FOREIGN KEY(IdCreneau) REFERENCES Creneau(IdCreneau)
);

-- Insertion des tuples --


INSERT INTO Seance VALUES(1, null, 'MIN17214', 123456, 'Amphi E', 2); 
INSERT INTO Seance VALUES(2, null, 'MIN17211', 234567, 'Amphi E', 3);
INSERT INTO Seance VALUES(3, null, 'MIN17217', 345678, 'Amphi H', 4); 
INSERT INTO Seance VALUES(4, null, 'MIN17213', 456789, 'Amphi E', 5); 
INSERT INTO Seance VALUES(5, null, 'MIN17216', 567890 , 'JUNGLE', 1); 
INSERT INTO Seance VALUES(6, null, 'MIN17215', 678901, 'Amphi F', 3); 
INSERT INTO Seance VALUES(7, null, 'MIN17218', 789012, 'Amphi E', 4); 
INSERT INTO Seance VALUES(8, null, 'MIN17212', 890123, 'Amphi F', 5); 
INSERT INTO Seance VALUES(9, 1, 'MIN17214', 123456, '2205', 7); 
INSERT INTO Seance VALUES(10, 2, 'MIN17214', 123456, 'G105', 8); 
INSERT INTO Seance VALUES(11, 1, 'MIN17211', 234567, 'JUNGLE', 8); 
INSERT INTO Seance VALUES(12, 2, 'MIN17211', 901234, 'ALSACE', 10); 
INSERT INTO Seance VALUES(13, 1, 'MIN17217', 345678, 'G204', 9); 
INSERT INTO Seance VALUES(14, 2, 'MIN17217', 987654, 'G205', 9); 
INSERT INTO Seance VALUES(15, 1, 'MIN17213', 456789, 'JUNGLE', 9); 
INSERT INTO Seance VALUES(16, 2, 'MIN17213', 456789, 'RC22', 10); 
INSERT INTO Seance VALUES(17, 1, 'MIN17216', 567890, 'JUNGLE', 6); 
INSERT INTO Seance VALUES(18, 2, 'MIN17216', 876543, 'ALSACE', 6); 
INSERT INTO Seance VALUES(19, 1, 'MIN17215', 678901, 'RC28', 8); 
INSERT INTO Seance VALUES(20, 2, 'MIN17215', 765432, 'RC29', 8); 
INSERT INTO Seance VALUES(21, 1, 'MIN17218', 789012, 'G002', 7); 
INSERT INTO Seance VALUES(22, 2, 'MIN17218', 789012, 'RC22', 9); 
INSERT INTO Seance VALUES(23, 1, 'MIN17212', 890123, 'G205', 14);
INSERT INTO Seance VALUES(24, 2, 'MIN17212', 890123, 'ALSACE', 10);
INSERT INTO Seance VALUES(26, 1, 'MSANGS21', 111111, 'G101', 16);
INSERT INTO Seance VALUES(27, 2, 'MSANGS21', 222222, 'G102', 19);
INSERT INTO Seance VALUES(28, 3, 'MSANGS21', 333333, 'G103', 17);
INSERT INTO Seance VALUES(29, 1, 'MIN17201', 444444, 'JUNGLE', 7);
INSERT INTO Seance VALUES(30, 2, 'MIN17201', 444444, 'RC22', 8);
INSERT INTO Seance VALUES(31, 3, 'MIN17201', 444444, 'RC22', 10);

